category,title,location,regular_price,discount_price,disc_amt,summary,link
natural,A Conscious Life Hypnotherapy,"6440 Orange Street, Los Angeles",300.0,156.0,52,One 90-Minute Intro Intake Hypnotherapy Session,https://www.groupon.com/deals/a-conscious-life-hypnotherapy-5?deal_option=183c693e-63a1-4a3e-b625-7a580d86a0c6
medical,A Gentle Touch Chiropractic & Massage,561 South Orem Boulevard,145.0,29.0,20,"Chiropractic Exam, Therapies, and Adjustment",https://www.groupon.com/deals/a-gentle-touch-chiropractic-massage-1?deal_option=caf99aa6-cba3-47b2-b828-387ae565caf9
vision,Advanced Eye Care,"1250 E 3900 S, Salt Lake City",4600.0,3200.0,69,LASIK Surgery,https://www.groupon.com/deals/advanced-eye-care-inc-2-4
fitness,Arrichion Hot Yoga Sugarhouse,"2120 South 700 East, Salt Lake City",189.0,35.0,18,Classes,https://www.groupon.com/deals/arrichion-hot-yoga-sugarhouse-1
gyms,Ashton Therapies,"218 East 800 South, Orem",120.0,42.0,35,Fitness and Conditioning Classes,https://www.groupon.com/deals/ashton-therapies
hair,Beaches Tanning Center,"5512 South Van Winkle Expy, Salt Lake City",81.0,6.0,7,One-Week All-Access Tanning Pass,https://www.groupon.com/deals/beaches-tanning-center-3-7?deal_option=f34e00f4-4127-4354-bed0-9afb25c49fb0
spas,Beaches Tanning Center,"5512 South Van Winkle Expy, Salt Lake City",81.0,6.0,7,One-Week All-Access Tanning Pass,https://www.groupon.com/deals/beaches-tanning-center-3-7?deal_option=f34e00f4-4127-4354-bed0-9afb25c49fb0
blowouts,Beaches Tanning Center,"5512 South Van Winkle Expy, Salt Lake City",81.0,6.0,7,One-Week All-Access Tanning Pass,https://www.groupon.com/deals/beaches-tanning-center-3-7?deal_option=f34e00f4-4127-4354-bed0-9afb25c49fb0
fun,Beaches Tanning Center,"5512 South Van Winkle Expy, Salt Lake City",81.0,6.0,7,One-Week All-Access Tanning Pass,https://www.groupon.com/deals/beaches-tanning-center-3-7?deal_option=f34e00f4-4127-4354-bed0-9afb25c49fb0
tanning,Beaches Tanning Center,"5512 South Van Winkle Expy, Salt Lake City",81.0,6.0,7,One-Week All-Access Tanning Pass,https://www.groupon.com/deals/beaches-tanning-center-3-7?deal_option=f34e00f4-4127-4354-bed0-9afb25c49fb0
sports,Beaches Tanning Center,"5512 South Van Winkle Expy, Salt Lake City",81.0,6.0,7,One-Week All-Access Tanning Pass,https://www.groupon.com/deals/beaches-tanning-center-3-7?deal_option=f34e00f4-4127-4354-bed0-9afb25c49fb0
spas,Beautiful U,"495 West Main Street, Lehi",195.0,175.5,90,50 Units of Dysport,https://www.groupon.com/deals/beautiful-u-4?deal_option=a963866e-73c3-4d2a-b4db-1c80b4d7e34f
spas,Blue Cypress Spa,"4568 Highland Drive, Millcreek",105.0,63.0,60,60min hot stone massage,https://www.groupon.com/deals/blue-cypress-spa-7?deal_option=1ad99980-20e1-43b7-a607-bc9db5489062
spas,Body Rock Sculpting Med Spa,"1514 1100 East, Salt Lake City",175.0,119.0,68,One Microblading Touchup,https://www.groupon.com/deals/body-rock-sculpting-med-spa-9?deal_option=3e81ddd1-b93c-45ed-b965-9378339775ff
kids,Bouncin Bins Inflatable Rentals,"3975 Howick Street, Millcreek",193.0,139.0,72,Four-Day Rental for One Bounce House and One Concessions Machine,https://www.groupon.com/deals/bouncin-bins-utah-party-rentals-1?deal_option=2a60208a-7e07-4ffc-963f-5d3658389d40
nightlife,Brewvies Cinema Pub,"Downtown Salt Lake City, Salt Lake City",18.0,10.0,55,Two Matinee Movie Tickets and Popcorn,https://www.groupon.com/deals/brewvies-cinema-pub-3?deal_option=961be677-9fb0-4583-90d4-5c322b9dd96a
tickets,Brewvies Cinema Pub,"Downtown Salt Lake City, Salt Lake City",18.0,10.0,55,Two Matinee Movie Tickets and Popcorn,https://www.groupon.com/deals/brewvies-cinema-pub-3?deal_option=961be677-9fb0-4583-90d4-5c322b9dd96a
fitness,Brick Canvas,"2455 Executive Parkway, Lehi",99.0,39.0,39,One-Month Unlimited Fitness Classes Pass,https://www.groupon.com/deals/brick-canvas-fitness?deal_option=acbb349b-aa33-4918-ab25-b50ef409b8be
nightlife,Center for the Arts at Kayenta,"Ivins, Ivins",35.0,19.25,55,General Admission for One to a Play or Concert,https://www.groupon.com/deals/kayenta-arts-foundation?deal_option=073bc53b-e11d-4a2b-a93e-563bd87b2188
gyms,Chris's Total Fitness Personal Training,"910 East 3300 South, Millcreek",480.0,240.0,50,12 personal training sessions,https://www.groupon.com/deals/chris-s-total-fitness-personal-training-4?deal_option=7169a9f8-ba52-4d4f-90fb-7d44040a2846
gyms,Chris's Total Fitness Personal Training,"910 East 3300 South, Millcreek",180.0,81.0,45,2 week personal training,https://www.groupon.com/deals/chris-s-total-fitness-personal-training-1?deal_option=fd9bba5f-1b86-4e6a-8622-c881c6bc0ac0
fun,City Brew Tours,"110 West 600 South, Salt Lake City",158.26,115.0,72,Sip Of Salt Lake City Brew Tour for Two Valid Wednesday-Friday,https://www.groupon.com/deals/city-brew-tours-salt-lake-1?deal_option=46bccf94-148f-4411-b5f3-43bbbb0fe0df
fun,Clear Water Distilling Co.,"564 West 700 South, Pleasant Grove",10.0,8.0,80,Distillery Tour with Tasting for One,https://www.groupon.com/deals/clear-water-distilling-co-1?deal_option=ee9640f4-dc36-45a0-86b8-f1c41da4cc5f
vision,Davis Vision Center,1325 W South Jordan Pkwy.,1400.0,99.0,7,Custom LASIK for Both Eyes,https://www.groupon.com/deals/davis-vision-center-4
spas,Deka Lash Sugar House,"1056 East 2100 South, Salt Lake City",180.0,69.0,38,One Full Set of TrueXpress™ Eyelash Extensions,https://www.groupon.com/deals/deka-lash-sugar-house-2?deal_option=74b7f2ca-53b3-4483-b267-f56d8a118166
medical,Element Cryotherapy + Wellness,"1402 E 3500 N, Lehi",20.0,10.0,50,One Red-Light Therapy Session,https://www.groupon.com/deals/element-cryotherapy-wellness-1?deal_option=34c66916-f835-42df-8521-514ca1bb2441
natural,Element Cryotherapy + Wellness,"1402 E 3500 N, Lehi",20.0,10.0,50,One Red-Light Therapy Session,https://www.groupon.com/deals/element-cryotherapy-wellness-1?deal_option=34c66916-f835-42df-8521-514ca1bb2441
blowouts,Emission Time,"2432 S State St., Salt Lake City",55.0,29.0,52,DMV Renewal or Brake Pads,https://www.groupon.com/deals/emission-time-3
hair,Empire Body Waxing,"4700 South 900 East, Millcreek",60.0,36.0,60,One Brazilian Waxing Session,https://www.groupon.com/deals/empire-body-waxing-2?deal_option=28df47b5-6786-42d2-a124-1805b95a1b2c
makeup,Everlasting ink & Skincare LLC,"3714 west Azara lane, south jordan",300.0,117.0,39,Permanent Thin and Natural Eyeliner for Top or Bottom Eyelid,https://www.groupon.com/deals/everlasting-ink-llc-3?deal_option=c5277b10-e634-4061-90a4-66db973a0a79
hair,Feeling Grounded,"880 East 9400 South, Sandy",50.0,25.0,50,One Women's Brazilian Wax,https://www.groupon.com/deals/feeling-grounded-12?deal_option=a7b939ee-8cbf-4467-af31-4537618057ab
hair,Feeling Grounded,"880 East 9400 South, Sandy",50.0,26.0,52,One Brazilian Waxing Session,https://www.groupon.com/deals/feeling-grounded-13?deal_option=6b7fdc94-0bf1-4069-87a5-acfc7a304a70
medical,Fetal Studio,"10450 South State Street, Sandy",50.0,25.0,50,Pregnancy Verification Package,https://www.groupon.com/deals/fetal-studio-1
dental,Forever By Ash,"7689 Jordan Landing Boulevard, West Jordan",150.0,75.0,50,Teeth Whitening - In-Office - No,https://www.groupon.com/deals/foreverbyash-1-6
spas,Forever By Ash,"7689 Jordan Landing Boulevard, West Jordan",150.0,75.0,50,Teeth Whitening - In-Office - No,https://www.groupon.com/deals/foreverbyash-1-6
fitness,FreedOM Hot Yoga,"1028 West 950 North, Orem",79.0,35.0,44,One Month Unlimited Class Pass,https://www.groupon.com/deals/freedom-hot-yoga?deal_option=4b784594-15cd-4045-bb34-2037609c54b5
medical,Freedom Clinic of Chiropractic (Dr. J. Scranton),"4775 West Daybreak Parkway, South Jordan",325.0,40.0,12,Chiropractic Services,https://www.groupon.com/deals/dr-j-scranton-chiropractor
fun,Grand Teton Distillery,"1755 Idaho 33, Driggs",51.0,33.0,64,Tour for Two with Two Take Home Whiskey Glasses and One Jar of Drunk Cherries,https://www.groupon.com/deals/grand-teton-distillery-1?deal_option=5df43867-3260-419d-b643-6b17cf2d8fd6
fun,Hammer Spring Distillery,"3697 West 1987 South, Salt Lake City",19.0,10.0,52,"Tour, Shot Glass, Sticker, and Coaster for One",https://www.groupon.com/deals/hammer-spring-distillers?deal_option=be53bfb0-71ac-4d67-bfcd-0f0291305669
tickets,High Roller at the LINQ,"High Roller, Las Vegas",17.25,10.25,59,High Roller LINQ Las Vegas,https://www.groupon.com/deals/gl-high-roller-at-the-linq-attraction-1
nightlife,Hip Hop Concerts in Salt Lake City,"Hangar House, Salt Lake City",33.93,10.0,29,Hip Hop Concerts- Salt Lake City,https://www.groupon.com/deals/gl-hip-hop-concerts-salt-lake-city
spas,Holistic Bodyworks,"835 East 4800 South, Murray",68.0,59.0,86,One 60-Minute Swedish Massage (Returning Customers),https://www.groupon.com/deals/holistic-bodyworks-5?deal_option=14fb4161-a086-4bf4-89c7-8f038ba5f0d0
natural,Holistic Bodyworks,"835 East 4800 South, Murray",68.0,40.79,59,One 60-Minute Reiki Session,https://www.groupon.com/deals/holistic-bodyworks-6?deal_option=c3b889ef-da4a-4621-b90f-3c9e467a98e4
sightseeing,Idaho Falls Zoo,"2725 Carnival Way, Idaho Falls",5.0,4.5,90,One Single-Day Child General-Admission Ticket (Ages 3–12),https://www.groupon.com/deals/idaho-falls-park-zoo-1?deal_option=72177e9c-fb03-4985-bbf3-65f5d919c078
restaurants,Itto Sushi,"10555 South Redwood Road, South Jordan",20.0,12.0,60,"Sushi, Noodles, Rolls",https://www.groupon.com/deals/itto-sushi-south-jordan
restaurants,Itto Sushi,"856 Fort Union Boulevard, Midvale",20.0,12.5,62,Sushi and Japanese Food,https://www.groupon.com/deals/itto-sushi-5
restaurants,Itto Sushi,"547 East University Parkway, Orem",20.0,12.0,60,Sushi,https://www.groupon.com/deals/itto-sushi-4
restaurants,Itto Sushi Downtown,"12 Broadway, Salt Lake City",20.0,12.0,60,Japanese Cuisine,https://www.groupon.com/deals/itto-sushi-downtown
hair,KTR Action Sports Playground,"7220 Union Park Avenue, Midvale",70.0,53.0,75,Two 4-Hr Access Passes,https://www.groupon.com/deals/ktr-salt-lake-city-midvale?deal_option=73ea50b5-8f07-45e2-b6aa-797fcad30062
spas,KTR Action Sports Playground,"7220 Union Park Avenue, Midvale",70.0,53.0,75,Two 4-Hr Access Passes,https://www.groupon.com/deals/ktr-salt-lake-city-midvale?deal_option=73ea50b5-8f07-45e2-b6aa-797fcad30062
fun,KTR Action Sports Playground,"7220 Union Park Avenue, Midvale",70.0,53.0,75,Two 4-Hr Access Passes,https://www.groupon.com/deals/ktr-salt-lake-city-midvale?deal_option=73ea50b5-8f07-45e2-b6aa-797fcad30062
sports,KTR Action Sports Playground,"7220 Union Park Avenue, Midvale",70.0,53.0,75,Two 4-Hr Access Passes,https://www.groupon.com/deals/ktr-salt-lake-city-midvale?deal_option=73ea50b5-8f07-45e2-b6aa-797fcad30062
nail,Kabiri Professional Nail Services,"32 South Freedom Boulevard, Provo",50.0,42.5,85,Kabiri Gel Manicure,https://www.groupon.com/deals/kabiri-professional-nail-services-2?deal_option=2ec10e18-4db5-4fda-9b8d-6dafae47cf5c
kids,Kangaroo Zoo,"395 N Redwood Rd, North Salt Lake",17.0,10.0,58,All Day Pass with $5 Toward Arcade Games for One,https://www.groupon.com/deals/kangaroo-zoo-3?deal_option=fa8450da-2e2e-4e35-9649-1da162caa404
spas,Kangaroo Zoo,"395 N Redwood Rd, North Salt Lake",17.0,10.0,58,All Day Pass with $5 Toward Arcade Games for One,https://www.groupon.com/deals/kangaroo-zoo-3?deal_option=fa8450da-2e2e-4e35-9649-1da162caa404
fun,Kangaroo Zoo,"395 N Redwood Rd, North Salt Lake",17.0,10.0,58,All Day Pass with $5 Toward Arcade Games for One,https://www.groupon.com/deals/kangaroo-zoo-3?deal_option=fa8450da-2e2e-4e35-9649-1da162caa404
cafes,Krispy Kreme® Doughnut Corporation,"48 West 10600 South, Sandy",25.0,20.0,80,eGift Card to Krispy Kreme,https://www.groupon.com/deals/krispy-kreme-e-gift-card
spas,La Beauté Loft Spa & Salon,"1140 Brickyard Road, Salt Lake City",85.0,69.0,81,One 60-Minute Custom Massage with Aromatherapy and Warm Towels,https://www.groupon.com/deals/la-beaute-loft-spa-salon-9?deal_option=283fe29c-1b9d-4ad5-90b3-f98ca02b294f
hair,Labyrinth South Jordan,"11617 South Parkway Plaza Drive, South Jordan",23.0,20.0,86,Valid Any Day: One Two-Hour Reality Game Pass,https://www.groupon.com/deals/labyrinth-south-jordan?deal_option=69223a17-6b4b-417d-bf1c-60cec2c36cbf
spas,Labyrinth South Jordan,"11617 South Parkway Plaza Drive, South Jordan",23.0,20.0,86,Valid Any Day: One Two-Hour Reality Game Pass,https://www.groupon.com/deals/labyrinth-south-jordan?deal_option=69223a17-6b4b-417d-bf1c-60cec2c36cbf
blowouts,Labyrinth South Jordan,"11617 South Parkway Plaza Drive, South Jordan",23.0,20.0,86,Valid Any Day: One Two-Hour Reality Game Pass,https://www.groupon.com/deals/labyrinth-south-jordan?deal_option=69223a17-6b4b-417d-bf1c-60cec2c36cbf
kids,Labyrinth South Jordan,"11617 South Parkway Plaza Drive, South Jordan",23.0,20.0,86,Valid Any Day: One Two-Hour Reality Game Pass,https://www.groupon.com/deals/labyrinth-south-jordan?deal_option=69223a17-6b4b-417d-bf1c-60cec2c36cbf
sports,Labyrinth South Jordan,"11617 South Parkway Plaza Drive, South Jordan",23.0,20.0,86,Valid Any Day: One Two-Hour Reality Game Pass,https://www.groupon.com/deals/labyrinth-south-jordan?deal_option=69223a17-6b4b-417d-bf1c-60cec2c36cbf
weight,Laser Lipo of Utah,"12637 South 265 West STE 100B, Draper",665.0,89.0,13,Two Laser Lipo Treatments,https://www.groupon.com/deals/lipo-laser-at-laser-lipo-of-utah-1?deal_option=e8ef4886-7f77-4eb3-896a-50f92888d7c3
spas,Laser Lipo of Utah,"12637 South 265 West STE 100B, Draper",665.0,89.0,13,Two Laser Lipo Treatments,https://www.groupon.com/deals/lipo-laser-at-laser-lipo-of-utah-1?deal_option=e8ef4886-7f77-4eb3-896a-50f92888d7c3
tanning,Lehi Utah Airbrush Tanning,"2300 West 300 North, Lehi",60.0,29.0,48,One Custom Airbrush Tanning,https://www.groupon.com/deals/endless-glow-airbrush-tanning-by-jilene-2?deal_option=d9a880f3-6732-4ab4-b25c-009dcc3a589b
fitness,Lila Studio,"967 East 2100 South, Salt Lake City",80.0,24.8,31,5 Class Pass,https://www.groupon.com/deals/avenues-yoga-1?deal_option=b67e06ee-8f56-4392-bf31-fd47450fead2
natural,Lowry Health & Wellness/the Chiropractor,"559 West State Street, Pleasant Grove",100.0,35.0,35,Acupuncture,https://www.groupon.com/deals/lowry-health-wellness-the-chiropractor
restaurants,Maize Tacos,"135 Regent Street, Salt Lake City",20.0,14.0,70,$20 Toward Food and Drink; Valid for Dine-in or Takeout Any Day,https://www.groupon.com/deals/maize-tacos?deal_option=6472ef1e-1d80-48ea-a653-7389a7ec8ac3
sightseeing,Moab Giants,"Moab, Moab",14.96,11.0,73,Dino Pass Admission for One Youth (Ages 4–15),https://www.groupon.com/deals/moab-giants-1?deal_option=63e05ac0-a055-4fc3-be0a-489ef5704ea2
tickets,Moab Giants,"Moab, Moab",14.96,11.0,73,Dino Pass Admission for One Youth (Ages 4–15),https://www.groupon.com/deals/moab-giants-1?deal_option=63e05ac0-a055-4fc3-be0a-489ef5704ea2
sports,Momentum Indoor Climbing,"401 South 850 East, Lehi",39.0,29.0,74,Two Week Trial Membership,https://www.groupon.com/deals/momentum-indoor-climbing-lehi-1?deal_option=814f41d7-38da-47db-9dbd-9dca9a60cf9c
kids,Momentum Indoor Climbing,"401 South 850 East, Lehi",39.0,29.0,74,Two Week Trial Membership,https://www.groupon.com/deals/momentum-indoor-climbing-lehi-1?deal_option=814f41d7-38da-47db-9dbd-9dca9a60cf9c
fun,Mountain West Hard Cider,"425 North 400 West, Salt Lake City",20.0,15.0,75,Educational Cider Tour and Take-Away Glassware for Two People,https://www.groupon.com/deals/mountain-west-hard-cider-1?deal_option=465f5807-c12f-4eb6-a9b0-7df29f9be70c
nail,Nails_by.tiffany,"13226 S 5600 W, Harriman",45.0,34.65,77,Gel manicure,https://www.groupon.com/deals/nails-by-tiffany-1?deal_option=74b4280c-3f04-4d29-aaf1-26b4c226dfdc
nail,New Lengths Beauty Co.,"1857 North Hill Field Road, Layton",20.0,13.0,65,One Gel Polish,https://www.groupon.com/deals/new-lengths-beauty-co-53?deal_option=3784a3c1-764d-4071-8c1c-0216335d626f
spas,NuMed Clinic,"1429 South State Street, Orem",180.0,125.0,69,20 Units of Xeomin,https://www.groupon.com/deals/numed-clinic-9?deal_option=26bf7ebb-247a-4c41-a506-9dc6bd82f78d
dental,Oral Design Dental,"4802 South Holladay Boulevard, Salt Lake City",205.0,35.0,17,One Teeth-Cleaning Session; Restrictions Apply,https://www.groupon.com/deals/oral-design-dental-3-7?deal_option=7fcaaabd-6938-424f-8230-43330c84eec9
dental,Oral Design Dental,"4802 South Holladay Boulevard, Salt Lake City",216.0,35.0,16,Denture Services,https://www.groupon.com/deals/oral-design-dental-2-6
fun,Outlaw Distillery,"552 West 8360 Street, Midvale",50.0,30.0,60,Distillery Tour for Two with Two Shot Glasses,https://www.groupon.com/deals/outlaw-distillery-2?deal_option=a3dd1d15-550a-412f-a98b-90234593ed98
nail,Pixie Beauty Bar,"7378 Plaza Center Drive, West Jordan",20.0,7.0,35,Add on Nail Art,https://www.groupon.com/deals/pixie-beauty-bar-1?deal_option=f4178499-4d0a-4a49-9ac0-a52440aac02d
dental,Platinum Dental Care,"1963 S 1200 E, Salt Lake City",135.0,28.0,20,Dental Services,https://www.groupon.com/deals/platinum-dental-care-1
medical,Pur Life Medical of Lehi,"610 South 850 East, Lehi",350.0,57.0,16,One IV Therapy Treatment,https://www.groupon.com/deals/pur-life-medical-of-lehi-2?deal_option=eed160ac-ef66-40e2-917a-a53f366f0ebf
restaurants,Ramen Legend,"2118 South Highland Drive, Salt Lake City",20.0,13.5,67,$20 Towards Food and Drinks; Valid Any Day for Dine-In or Takeout,https://www.groupon.com/deals/ramen-legend-1?deal_option=099ce8a9-35b3-4f4a-b087-86a4bc3deebf
spas,Rest and Relax Day Spa,"1245 East 8600 South, Sandy",45.0,41.0,91,One 60-Minute Therapeutic Apprentice Massage,https://www.groupon.com/deals/rest-and-relax-day-spa-2?deal_option=7a39aa5a-957b-4872-b50f-3a15519cb60d
weight,Restore Hyper Wellness + Cryotherapy,"121 East 12300 South, Draper",39.0,25.0,64,One PBM Light Therapy Treatment,https://www.groupon.com/deals/restore-hyper-wellness-plus-cryotherapy-mountain-west-draper-3?deal_option=05cfb660-d368-4b42-86cd-986c841db03b
natural,Restore Hyper Wellness + Cryotherapy,"121 East 12300 South, Draper",39.0,22.0,56,One Localized Cryotherapy Session,https://www.groupon.com/deals/restore-hyper-wellness-plus-cryotherapy-mountain-west-draper-2?deal_option=0bdff770-2e67-434d-9039-3ebf5986e9d3
natural,Restore Hyper Wellness + Cryotherapy,"1202 Wilmington Avenue, Salt Lake City",39.0,22.0,56,One Localized Cryotherapy Session,https://www.groupon.com/deals/sugarhouse-restore-hyper-wellness-cryotherapy-1?deal_option=69b9557d-1ae7-4558-985e-3bd0d89f9f78
spas,Revive Health and Chiropractic,"891 Baxter Drive, South Jordan",150.0,30.0,20,"Chiropractic Package, Including Consultation, Exam, Therapies, and Adjustment",https://www.groupon.com/deals/revive-health-and-chiropractic?deal_option=105cfdf0-98fe-44f8-8b86-3fae07c6ce38
nail,Salon by Design,"6216 State Street, Murray",55.0,25.0,45,One Spa Pedicure,https://www.groupon.com/deals/salon-by-design-8?deal_option=d79be085-b438-4d3f-80f2-059a4dfe2990
spas,Salon by Design,"6216 State Street, Murray",55.0,25.0,45,One Spa Pedicure,https://www.groupon.com/deals/salon-by-design-8?deal_option=d79be085-b438-4d3f-80f2-059a4dfe2990
spas,Salon by Design,"6216 State Street, Murray",55.0,35.0,63,"Women’s Haircut, Condition, and Style",https://www.groupon.com/deals/salon-by-design-9?deal_option=4723a955-5e43-4cb5-9a6e-17967f69cf60
kids,Scariff School of Irish dancing,"9854 South 700 East, Sandy",140.0,14.0,10,Kids Dance Classes,https://www.groupon.com/deals/scariff-school-of-irish-dancing-10
kids,SeaQuest Interactive Aquarium and Petting Zoo- Utah,"Layton Meadows, Layton",19.98,15.0,75,Admission For One,https://www.groupon.com/deals/seaquest-1?deal_option=5e2c0a0f-de23-4537-bd86-44231dd95fb5
sightseeing,SeaQuest Interactive Aquarium and Petting Zoo- Utah,"Layton Meadows, Layton",19.98,15.0,75,Admission For One,https://www.groupon.com/deals/seaquest-1?deal_option=5e2c0a0f-de23-4537-bd86-44231dd95fb5
tickets,SeaQuest Interactive Aquarium and Petting Zoo- Utah,"Layton Meadows, Layton",19.98,15.0,75,Admission For One,https://www.groupon.com/deals/seaquest-1?deal_option=5e2c0a0f-de23-4537-bd86-44231dd95fb5
hair,Serendipity Studios,"685 West 5300 South, Murray",60.0,30.0,50,Brazilian Waxes,https://www.groupon.com/deals/kenzie-the-esthetician-1
cafes,Seven serenity,"360 State Street, Orem",4.0,2.0,50,Coffee / Tea Supplies,https://www.groupon.com/deals/seven-serenity
spas,Shear Indulgence Spa N Salon,"1348 East Center Street, Spanish Fork",65.0,45.0,69,One 60-Minute Massage,https://www.groupon.com/deals/shear-indulgence-spa-n-salon-16?deal_option=998b645e-909e-447d-9de5-adaad1b8769f
hair,Simplicity Laser,"24 South 500 West, Bountiful",960.0,75.0,7,EIGHT Laser Hair-Removal Treatments for One Small Area,https://www.groupon.com/deals/simplicity-15-718025052?deal_option=ecc92d30-9c5f-496b-929a-764f5f3bf459
nail,SkinScience Institute,"10299 S 1300 E, Sandy",195.0,75.0,38,Three Gel Polish Manicures and Pedicures,https://www.groupon.com/deals/skinscience-institute-15?deal_option=39761b36-4059-43bf-82da-27cbe916306a
spas,SkinScience Institute,"10299 S 1300 E, Sandy",195.0,75.0,38,Three Gel Polish Manicures and Pedicures,https://www.groupon.com/deals/skinscience-institute-15?deal_option=39761b36-4059-43bf-82da-27cbe916306a
hair,SkinScience Institute,"10299 S 1300 E, Sandy",275.0,99.0,36,Orem: Six Laser Hair-Removal Treatments on a Small Area,https://www.groupon.com/deals/skinscience-institute-16?deal_option=bdeed3f7-561f-429e-ac9a-ec1401ef31d7
tanning,Solarium Tanning & Travel,"5520 13400 South, Herriman",35.0,18.9,53,One Week Unlimited Red Light Therapy,https://www.groupon.com/deals/solarium-tanning-and-travel-2?deal_option=50d34558-5881-4d42-9be2-17089b3ff463
fitness,Studio Core Pilates,1388 Draper Parkway,75.0,25.0,33,Three Equipment Pilates Classes,https://www.groupon.com/deals/studio-core-pilates-1?deal_option=752ce111-6815-4729-8cd1-d0d8f10bc416
tanning,Sun Studio Spray Tans,"1977 South 300 West, Salt Lake City",55.0,28.0,50,One Airbrush Spray-Tan Session,https://www.groupon.com/deals/sun-kissed-spray-tans-1?deal_option=4b2f1c01-b75d-4e3e-ac96-052965d8fff9
nightlife,The Brewery Comedy Tour at Salt Lake,"Quitting Time Condominiums, Park City",13.0,9.5,73,The Brewery Comedy Tour at Sa...,https://www.groupon.com/deals/goldstar-the-brewery-comedy-tour-at-salt-lake?deal_option=e0e0ece2-74e0-4b7b-8dae-a315709b03b9
tanning,The Lash Bar,"3397 North 1200 East, Lehi",15.0,12.0,80,One 12-Minute UV-Tanning Session,https://www.groupon.com/deals/the-lash-bar-12?deal_option=dec07af3-6e27-4795-b9c0-67162c9abd5a
tanning,The Reef Tanning Spa,"13226 South 5600 West, Herriman",88.0,6.0,6,One Week All UV Pass,https://www.groupon.com/deals/the-reef-tanning-spa-8?deal_option=2bbefd20-6bcd-43b7-a40b-6dcda2dda4a0
spas,The Reef Tanning Spa,"13226 South 5600 West, Herriman",88.0,6.0,6,One Week All UV Pass,https://www.groupon.com/deals/the-reef-tanning-spa-8?deal_option=2bbefd20-6bcd-43b7-a40b-6dcda2dda4a0
gyms,The SG Dance Company,"7817 South Highland Drive, Cottonwood Heights",47.0,19.0,40,Four - One Hour Fitness Classes,https://www.groupon.com/deals/the-sg-dance-company-19?deal_option=0e068477-8d76-4a27-9732-e22a98e4df20
fitness,Total Body Pilates,"2065 S. 2300 E., Salt Lake City",140.0,49.0,35,Reformer Pilates,https://www.groupon.com/deals/total-body-pilates-3-8
sports,Total Knockout,"2852 South Redwood Road, West Valley City",80.0,40.0,50,Five Kickboxing Classes,https://www.groupon.com/deals/total-knockout?deal_option=350243cf-59f3-4d4a-85a6-252d6ef9abbd
sports,Ultimate Combat Training Center,"1274 East 3300 South, Salt Lake City",75.0,31.0,41,3 Classes of Utah's Best Boxing Classes,https://www.groupon.com/deals/ultimate-combat-training-center-17?deal_option=52c71537-80b0-4eaa-88e7-9c4d110783e2
sports,Ultimate Combat Training Center,"1274 East 3300 South, Salt Lake City",20.0,10.0,50,"1 Boxing, Muay Thai, Brazilian Jiu Jitsu, Strength & Conditioning or Kickboxing Class",https://www.groupon.com/deals/ultimate-combat-training-center-11?deal_option=e6a7605d-b495-468b-8331-ffb6756ee94b
sports,Ultimate Combat Training Center,"1274 East 3300 South, Salt Lake City",90.0,29.0,32,3 Brazilian Jiu Jitsu Classes ONLY $29.00,https://www.groupon.com/deals/ultimate-combat-training-center-6?deal_option=7a94c899-d894-4470-b833-153cd82f2df9
hair,Valvoline Instant Oil Change,"460 West 400 North, Bountiful",71.99,47.49,65,One Synthetic Blend Oil Change,https://www.groupon.com/deals/valvoline-instant-oil-change-171?deal_option=5f151d22-0518-4eec-884e-3d8563bd7550
spas,Valvoline Instant Oil Change,"460 West 400 North, Bountiful",71.99,47.49,65,One Synthetic Blend Oil Change,https://www.groupon.com/deals/valvoline-instant-oil-change-171?deal_option=5f151d22-0518-4eec-884e-3d8563bd7550
blowouts,Valvoline Instant Oil Change,"460 West 400 North, Bountiful",71.99,47.49,65,One Synthetic Blend Oil Change,https://www.groupon.com/deals/valvoline-instant-oil-change-171?deal_option=5f151d22-0518-4eec-884e-3d8563bd7550
fun,Valvoline Instant Oil Change,"460 West 400 North, Bountiful",71.99,47.49,65,One Synthetic Blend Oil Change,https://www.groupon.com/deals/valvoline-instant-oil-change-171?deal_option=5f151d22-0518-4eec-884e-3d8563bd7550
sports,Valvoline Instant Oil Change,"460 West 400 North, Bountiful",71.99,47.49,65,One Synthetic Blend Oil Change,https://www.groupon.com/deals/valvoline-instant-oil-change-171?deal_option=5f151d22-0518-4eec-884e-3d8563bd7550
medical,Vector Spine and Sport,"5882 South 900 East, Murray",240.0,29.0,12,"Chiropractic Exam, One Adjustment, and One Laser Therapy Session",https://www.groupon.com/deals/vector-spine-and-sport?deal_option=3ace7fec-9961-4709-ad4c-8d8ee6742312
spas,Vima Aesthetics,"1051 South Valley Grove Way, Pleasant Grove",375.0,281.0,74,Mini Lip Plump- 1/2 Syringe of Revanesse,https://www.groupon.com/deals/vima-aesthetics-2?deal_option=6f967dbf-5114-40ab-8bf1-bd92e61cd83d
sports,Wasatch Combat Sports,"972 North 1430 West, Orem",125.0,75.0,60,Four Weeks of Boxing or Kickboxing Classes,https://www.groupon.com/deals/wasatch-combat-sports-3?deal_option=08d5808e-3231-4f95-9eb4-5e2da0f95584
vision,Wasatch View Eye Care,"10412 2200 West, South Jordan",245.0,59.0,24,One eye exam and $125 voucher toward a complete pair of glasses,https://www.groupon.com/deals/wasatch-view-eye-care-1-3?deal_option=3350f16a-2ac8-410c-88f4-ebb6a4cf4be4
dental,Young Family Dental,"8159 South 4800 West, West Jordan",168.0,35.0,20,"Dental Cleaning, X-Ray and Exam",https://www.groupon.com/deals/young-family-dental-2?deal_option=509a9aba-9a8a-4ea6-aa58-8fd2c5e2af41
