beauty-and-spas,things-to-do,food-and-drink,health-and-fitness
Face-and-Skin-Care,Kids-Activities,Restaurants,Gyms
Massage,Fun-and-Leisure,Breweries-Wineries-and-Distilleries,Weight-Loss
Salons,Tickets-and-Events,Cafes-and-Treats,Fitness-Classes
Cosmetic-Procedures,Sightseeing-and-Tours,Groceries-and-Markets,Medical
Brows-and-Lashes,Sports-and-Outdoors,Bars,Natural-Medicine
Spas,Nightlife,,Sports
Hair-Removal,,,Dental
Hair-and-Styling,,,Vision
Nail-Salons,,,
Tanning,,,
Makeup,,,
Blowouts-and-Styling,,,
,,,
